INSERT INTO Book (BookID, Title, ISBNID, PublisherID, Pages, Format, GenreID, LanguageID, Description, AuthorsID, LocationID, ReleaseDate) VALUES(11363, 'Smile last tough behavior eye leader.', 5640407440325, 90123, 421, 'Log', 52, 2, 'Can since step leg account. Report personal idea positive turn staff. Yeah smile again recognize say expert interest people.', 21943898, 0, '1996-04-14'),
(11220, 'Oil receive within election.', 3652256219519, 32732, 806, 'Sketchbook', 28, 17, 'Enough product wonder. Edge reach least allow set design. But off business great.', 74858726, 3, '1984-05-05'),
(90401, 'Season product pressure.', 540741736606, 32732, 266, 'Scrapbook', 18, 38, 'Enough professional picture resource five religious set building. Hot apply stock. Learn sometimes major worry tough positive international.', 928780839, 0, '1988-07-22'),
(90866, 'Answer option goal maintain may company.', 5176564188269, 32732, 969, 'Ledger', 38, 4, 'Officer treatment dinner the others. Or many many. Speech big camera floor central effort.', 907793892, 9, '1979-06-10'),
(1633, 'Whom sort color center take.', 3200539382885, 90123, 573, 'Logbook', 59, 5, 'Check management design building. People push big high real simple. Other herself table knowledge might Mrs well including.', 907793892, 1, '2024-01-23'),
(48489, 'According various mind usually stand time environmental.', 6579353405418, 36149, 694, 'Scrapbook', 15, 41, 'Billion wonder media ago no. Yet fear during event can. Expert among wait both.', 907793892, 0, '2017-04-03'),
(55181, 'Away hear improve often window every movie.', 1649986053368, 36149, 51, 'Trade', 21, 43, 'Let before exist. Down result meeting very after modern analysis. Crime before along team they.', 74858726, 5, '2015-01-10'),
(34536, 'The already development read language why sing.', 1900410114621, 32732, 725, 'Ledger', 41, 8, 'Professional tax same space kitchen. Hundred woman suddenly worker become send five. Local wide feeling forward.', 907793892, 2, '1976-05-26'),
(57335, 'West matter claim PM.', 9130837027583, 90123, 392, 'Reference', 59, 13, 'Should hotel plan glass whether doctor watch. Attack million before. Most easy argue action major old.', 74858726, 3, '1980-09-09'),
(4112, 'Everyone another country.', 2790319573039, 90123, 32, 'Sketchbook', 3, 31, 'Other seat imagine small article across. You power easy hundred simply item course. A look increase beat him man learn.', 907793892, 9, '1972-10-22');

INSERT INTO Location (LocationID, Shelf, Floor, Quantity, Condition) VALUES(0, '48', 'Reference Section', 96, 'Dedicated'),
(1, '62', 'Young Adult Section', 66, 'Acceptable'),
(2, '7', 'Returns', 43, 'Limited Edition'),
(3, '7', 'Returns', 18, 'Given'),
(4, '50', 'Storage', 66, 'Dirty'),
(5, '95', 'Storage', 58, 'Kept'),
(6, '11', 'Adult Section', 68, 'Moldy'),
(7, '78', 'Archive', 21, 'Autographed'),
(8, '27', 'Archive', 88, 'Borrowed'),
(9, '90', 'Study Area', 44, 'Showcased');

INSERT INTO Author (AuthorID, Firstname, Lastname, Bio, DOB) VALUES(74858726, 'Jennifer', 'Andrews', 'Firm place myself tell suddenly door often.', '2004/12/11'),
(907793892, 'Joanna', 'Hunter', 'Baby pressure check with line other population.', '1906/7/10'),
(21943898, 'Victoria', 'Hunt', 'Question evening billion same. Education effort detail activity fact summer. Get character already think side federal glass attorney.', '2015/6/10'),
(928780839, 'Brandon', 'Barnes', 'Town end occur plant set reality. Machine section public notice dark last describe.', '1910/2/5'),
(375641524, 'Claudia', 'Johnson', 'Job seem writer. Campaign such certainly small student.', '1958/7/3');

INSERT INTO Publisher (PublisherID, Name, CountryID, Phone, Website) VALUES(36149, 'Blake Inc', 11, '+1-329-870-6692x926', 'http://martinez-taylor.com/'),
(90123, 'Sawyer-Johnson', 10, '9642651660', 'http://www.schroeder.com/'),
(32732, 'Lin, Long and Mayo', 1, '(668)377-8968', 'http://smith-tapia.com/');

INSERT INTO Country (CountryID, Name) VALUES(0, 'USA'),
(1, 'Canada'),
(2, 'Mexico'),
(3, 'Brazil'),
(4, 'Argentina'),
(5, 'Chile'),
(6, 'UK'),
(7, 'Germany'),
(8, 'France'),
(9, 'Italy'),
(10, 'Spain'),
(11, 'Russia'),
(12, 'China'),
(13, 'Japan'),
(14, 'India'),
(15, 'Australia'),
(16, 'South Africa'),
(17, 'Nigeria'),
(18, 'Egypt'),
(19, 'Saudi Arabia'),
(20, 'Iran'),
(21, 'South Korea'),
(22, 'North Korea'),
(23, 'Uzbekistan');

INSERT INTO Genre (GenreID, Name) VALUES(0, 'Accounting'),
(1, 'Anthropology'),
(2, 'Art'),
(3, 'Autobiography'),
(4, 'Biography'),
(5, 'Biology'),
(6, 'Business'),
(7, 'Chemistry'),
(8, 'Childrens'),
(9, 'Comics'),
(10, 'Computer Science'),
(11, 'Consulting'),
(12, 'Cooking'),
(13, 'Criminal Justice'),
(14, 'Customer Service'),
(15, 'Dance'),
(16, 'Dentistry'),
(17, 'Drama'),
(18, 'Economics'),
(19, 'Education'),
(20, 'Engineering'),
(21, 'Entrepreneurship'),
(22, 'Fantasy'),
(23, 'Fiction'),
(24, 'Film'),
(25, 'Finance'),
(26, 'Fitness'),
(27, 'Geography'),
(28, 'Graphic Novel'),
(29, 'Health'),
(30, 'History'),
(31, 'Horror'),
(32, 'Human Resources'),
(33, 'Information Technology'),
(34, 'Innovation'),
(35, 'Journalism'),
(36, 'Law'),
(37, 'Leadership'),
(38, 'Literature'),
(39, 'Logistics'),
(40, 'Management'),
(41, 'Marketing'),
(42, 'Mathematics'),
(43, 'Medicine'),
(44, 'Music'),
(45, 'Mystery'),
(46, 'Non-Fiction'),
(47, 'Nursing'),
(48, 'Operations'),
(49, 'Pharmacy'),
(50, 'Philosophy'),
(51, 'Physics'),
(52, 'Poetry'),
(53, 'Political Science'),
(54, 'Politics'),
(55, 'Psychiatry'),
(56, 'Psychology'),
(57, 'Radio'),
(58, 'Religion'),
(59, 'Romance'),
(60, 'Sales'),
(61, 'Science'),
(62, 'Science Fiction'),
(63, 'Self-Help'),
(64, 'Sociology'),
(65, 'Spirituality'),
(66, 'Sports'),
(67, 'Strategy'),
(68, 'Supply Chain'),
(69, 'Technology'),
(70, 'Television'),
(71, 'Theatre'),
(72, 'Theology'),
(73, 'Thriller'),
(74, 'Travel'),
(75, 'Veterinary'),
(76, 'Young Adult');

INSERT INTO Language (LanguageID, Name) VALUES(0, 'English'),
(1, 'Spanish'),
(2, 'French'),
(3, 'German'),
(4, 'Italian'),
(5, 'Portuguese'),
(6, 'Dutch'),
(7, 'Russian'),
(8, 'Amharic'),
(9, 'Aramaic'),
(10, 'Chinese'),
(11, 'Japanese'),
(12, 'Korean'),
(13, 'Arabic'),
(14, 'Hindi'),
(15, 'Bengali'),
(16, 'Urdu'),
(17, 'Punjabi'),
(18, 'Telugu'),
(19, 'Marathi'),
(20, 'Tamil'),
(21, 'Gujarati'),
(22, 'Kannada'),
(23, 'Odia'),
(24, 'Malayalam'),
(25, 'Sindhi'),
(26, 'Sanskrit'),
(27, 'Persian'),
(28, 'Turkish'),
(29, 'Greek'),
(30, 'Swedish'),
(31, 'Norwegian'),
(32, 'Danish'),
(33, 'Finnish'),
(34, 'Icelandic'),
(35, 'Polish'),
(36, 'Czech'),
(37, 'Slovak'),
(38, 'Hungarian'),
(39, 'Romanian'),
(40, 'Bulgarian'),
(41, 'Serbian'),
(42, 'Croatian'),
(43, 'Bosnian'),
(44, 'Slovenian'),
(45, 'Macedonian'),
(46, 'Albanian'),
(47, 'Greek'),
(48, 'Armenian'),
(49, 'Georgian'),
(50, 'Azerbaijani'),
(51, 'Kazakh'),
(52, 'Uzbek'),
(53, 'Turkmen'),
(54, 'Kyrgyz'),
(55, 'Tajik'),
(56, 'Pashto'),
(57, 'Balochi'),
(58, 'Kurdish'),
(59, 'Arabic'),
(60, 'Hebrew'),
(61, 'Yiddish');

